{"timestamps": [1479353862.693488, 1479356705.186633, 1479357501.700702, 1479358090.091978, 1479358978.303218, 1479359892.795155, 1479361105.864979], "initial_reset_timestamp": 1479353180.445878, "episode_types": ["t", "t", "t", "t", "t", "t", "t", "t"], "episode_lengths": [5615, 8470, 5241, 4837, 7278, 7549, 10000], "episode_rewards": [862.0, 789.0, 711.0, 433.0, 790.0, 857.0, 864.0]}